,item_category_name,date,item_category_id,item_name,item_id,date_block_num,shop_id,item_price,item_cnt_day
0,Игровые консоли - PS4,01.01.2014,4,4,4,4,4,4,4
1,Игровые консоли - PS4,01.01.2015,8,8,8,8,8,8,8
2,Игровые консоли - PS4,01.02.2014,4,4,4,4,4,4,4
3,Игровые консоли - PS4,01.02.2015,7,7,7,7,7,7,7
4,Игровые консоли - PS4,01.03.2014,15,15,15,15,15,15,15
5,Игровые консоли - PS4,01.03.2015,13,13,13,13,13,13,13
6,Игровые консоли - PS4,01.04.2014,11,11,11,11,11,11,11
7,Игровые консоли - PS4,01.04.2015,4,4,4,4,4,4,4
8,Игровые консоли - PS4,01.05.2014,10,10,10,10,10,10,10
9,Игровые консоли - PS4,01.05.2015,3,3,3,3,3,3,3
10,Игровые консоли - PS4,01.06.2014,6,6,6,6,6,6,6
11,Игровые консоли - PS4,01.06.2015,8,8,8,8,8,8,8
12,Игровые консоли - PS4,01.07.2014,4,4,4,4,4,4,4
13,Игровые консоли - PS4,01.07.2015,2,2,2,2,2,2,2
14,Игровые консоли - PS4,01.08.2014,13,13,13,13,13,13,13
15,Игровые консоли - PS4,01.08.2015,1,1,1,1,1,1,1
16,Игровые консоли - PS4,01.09.2014,7,7,7,7,7,7,7
17,Игровые консоли - PS4,01.09.2015,5,5,5,5,5,5,5
18,Игровые консоли - PS4,01.10.2014,19,19,19,19,19,19,19
19,Игровые консоли - PS4,01.10.2015,7,7,7,7,7,7,7
20,Игровые консоли - PS4,01.11.2014,17,17,17,17,17,17,17
21,Игровые консоли - PS4,01.12.2013,31,31,31,31,31,31,31
22,Игровые консоли - PS4,01.12.2014,17,17,17,17,17,17,17
23,Игровые консоли - PS4,02.01.2014,10,10,10,10,10,10,10
24,Игровые консоли - PS4,02.01.2015,33,33,33,33,33,33,33
25,Игровые консоли - PS4,02.02.2014,3,3,3,3,3,3,3
26,Игровые консоли - PS4,02.02.2015,2,2,2,2,2,2,2
27,Игровые консоли - PS4,02.03.2014,16,16,16,16,16,16,16
28,Игровые консоли - PS4,02.03.2015,3,3,3,3,3,3,3
29,Игровые консоли - PS4,02.04.2014,14,14,14,14,14,14,14
30,Игровые консоли - PS4,02.04.2015,5,5,5,5,5,5,5
31,Игровые консоли - PS4,02.05.2014,7,7,7,7,7,7,7
32,Игровые консоли - PS4,02.05.2015,3,3,3,3,3,3,3
33,Игровые консоли - PS4,02.06.2014,5,5,5,5,5,5,5
34,Игровые консоли - PS4,02.06.2015,5,5,5,5,5,5,5
35,Игровые консоли - PS4,02.07.2014,8,8,8,8,8,8,8
36,Игровые консоли - PS4,02.07.2015,1,1,1,1,1,1,1
37,Игровые консоли - PS4,02.08.2014,25,25,25,25,25,25,25
38,Игровые консоли - PS4,02.09.2014,8,8,8,8,8,8,8
39,Игровые консоли - PS4,02.09.2015,2,2,2,2,2,2,2
40,Игровые консоли - PS4,02.10.2014,16,16,16,16,16,16,16
41,Игровые консоли - PS4,02.10.2015,9,9,9,9,9,9,9
42,Игровые консоли - PS4,02.11.2014,16,16,16,16,16,16,16
43,Игровые консоли - PS4,02.12.2013,22,22,22,22,22,22,22
44,Игровые консоли - PS4,02.12.2014,12,12,12,12,12,12,12
45,Игровые консоли - PS4,03.01.2014,16,16,16,16,16,16,16
46,Игровые консоли - PS4,03.01.2015,28,28,28,28,28,28,28
47,Игровые консоли - PS4,03.02.2014,3,3,3,3,3,3,3
48,Игровые консоли - PS4,03.02.2015,2,2,2,2,2,2,2
49,Игровые консоли - PS4,03.03.2014,12,12,12,12,12,12,12
50,Игровые консоли - PS4,03.03.2015,4,4,4,4,4,4,4
51,Игровые консоли - PS4,03.04.2014,8,8,8,8,8,8,8
52,Игровые консоли - PS4,03.04.2015,3,3,3,3,3,3,3
53,Игровые консоли - PS4,03.05.2014,13,13,13,13,13,13,13
54,Игровые консоли - PS4,03.05.2015,5,5,5,5,5,5,5
55,Игровые консоли - PS4,03.06.2014,3,3,3,3,3,3,3
56,Игровые консоли - PS4,03.06.2015,2,2,2,2,2,2,2
57,Игровые консоли - PS4,03.07.2014,5,5,5,5,5,5,5
58,Игровые консоли - PS4,03.07.2015,5,5,5,5,5,5,5
59,Игровые консоли - PS4,03.08.2014,17,17,17,17,17,17,17
60,Игровые консоли - PS4,03.08.2015,3,3,3,3,3,3,3
61,Игровые консоли - PS4,03.09.2014,6,6,6,6,6,6,6
62,Игровые консоли - PS4,03.09.2015,1,1,1,1,1,1,1
63,Игровые консоли - PS4,03.10.2014,26,26,26,26,26,26,26
64,Игровые консоли - PS4,03.10.2015,11,11,11,11,11,11,11
65,Игровые консоли - PS4,03.11.2014,15,15,15,15,15,15,15
66,Игровые консоли - PS4,03.12.2013,19,19,19,19,19,19,19
67,Игровые консоли - PS4,03.12.2014,28,28,28,28,28,28,28
68,Игровые консоли - PS4,04.01.2014,10,10,10,10,10,10,10
69,Игровые консоли - PS4,04.01.2015,19,19,19,19,19,19,19
70,Игровые консоли - PS4,04.02.2014,1,1,1,1,1,1,1
71,Игровые консоли - PS4,04.02.2015,4,4,4,4,4,4,4
72,Игровые консоли - PS4,04.03.2014,12,12,12,12,12,12,12
73,Игровые консоли - PS4,04.03.2015,3,3,3,3,3,3,3
74,Игровые консоли - PS4,04.04.2014,12,12,12,12,12,12,12
75,Игровые консоли - PS4,04.04.2015,2,2,2,2,2,2,2
76,Игровые консоли - PS4,04.05.2014,6,6,6,6,6,6,6
77,Игровые консоли - PS4,04.06.2014,7,7,7,7,7,7,7
78,Игровые консоли - PS4,04.06.2015,16,16,16,16,16,16,16
79,Игровые консоли - PS4,04.07.2014,13,13,13,13,13,13,13
80,Игровые консоли - PS4,04.07.2015,5,5,5,5,5,5,5
81,Игровые консоли - PS4,04.08.2014,20,20,20,20,20,20,20
82,Игровые консоли - PS4,04.09.2014,11,11,11,11,11,11,11
83,Игровые консоли - PS4,04.09.2015,3,3,3,3,3,3,3
84,Игровые консоли - PS4,04.10.2014,22,22,22,22,22,22,22
85,Игровые консоли - PS4,04.10.2015,4,4,4,4,4,4,4
86,Игровые консоли - PS4,04.11.2014,13,13,13,13,13,13,13
87,Игровые консоли - PS4,04.12.2013,18,18,18,18,18,18,18
88,Игровые консоли - PS4,04.12.2014,22,22,22,22,22,22,22
89,Игровые консоли - PS4,05.01.2014,15,15,15,15,15,15,15
90,Игровые консоли - PS4,05.01.2015,11,11,11,11,11,11,11
91,Игровые консоли - PS4,05.02.2014,15,15,15,15,15,15,15
92,Игровые консоли - PS4,05.02.2015,4,4,4,4,4,4,4
93,Игровые консоли - PS4,05.03.2014,14,14,14,14,14,14,14
94,Игровые консоли - PS4,05.03.2015,4,4,4,4,4,4,4
95,Игровые консоли - PS4,05.04.2014,13,13,13,13,13,13,13
96,Игровые консоли - PS4,05.04.2015,1,1,1,1,1,1,1
97,Игровые консоли - PS4,05.05.2014,5,5,5,5,5,5,5
98,Игровые консоли - PS4,05.05.2015,2,2,2,2,2,2,2
99,Игровые консоли - PS4,05.06.2014,10,10,10,10,10,10,10
100,Игровые консоли - PS4,05.06.2015,6,6,6,6,6,6,6
101,Игровые консоли - PS4,05.07.2014,11,11,11,11,11,11,11
102,Игровые консоли - PS4,05.07.2015,6,6,6,6,6,6,6
103,Игровые консоли - PS4,05.08.2014,19,19,19,19,19,19,19
104,Игровые консоли - PS4,05.08.2015,3,3,3,3,3,3,3
105,Игровые консоли - PS4,05.09.2014,7,7,7,7,7,7,7
106,Игровые консоли - PS4,05.09.2015,8,8,8,8,8,8,8
107,Игровые консоли - PS4,05.10.2014,22,22,22,22,22,22,22
108,Игровые консоли - PS4,05.10.2015,6,6,6,6,6,6,6
109,Игровые консоли - PS4,05.11.2014,11,11,11,11,11,11,11
110,Игровые консоли - PS4,05.12.2013,22,22,22,22,22,22,22
111,Игровые консоли - PS4,05.12.2014,26,26,26,26,26,26,26
112,Игровые консоли - PS4,06.01.2014,11,11,11,11,11,11,11
113,Игровые консоли - PS4,06.01.2015,20,20,20,20,20,20,20
114,Игровые консоли - PS4,06.02.2014,17,17,17,17,17,17,17
115,Игровые консоли - PS4,06.02.2015,5,5,5,5,5,5,5
116,Игровые консоли - PS4,06.03.2014,8,8,8,8,8,8,8
117,Игровые консоли - PS4,06.03.2015,7,7,7,7,7,7,7
118,Игровые консоли - PS4,06.04.2014,6,6,6,6,6,6,6
119,Игровые консоли - PS4,06.04.2015,5,5,5,5,5,5,5
120,Игровые консоли - PS4,06.05.2014,16,16,16,16,16,16,16
121,Игровые консоли - PS4,06.05.2015,2,2,2,2,2,2,2
122,Игровые консоли - PS4,06.06.2014,8,8,8,8,8,8,8
123,Игровые консоли - PS4,06.06.2015,9,9,9,9,9,9,9
124,Игровые консоли - PS4,06.07.2014,10,10,10,10,10,10,10
125,Игровые консоли - PS4,06.07.2015,4,4,4,4,4,4,4
126,Игровые консоли - PS4,06.08.2014,17,17,17,17,17,17,17
127,Игровые консоли - PS4,06.08.2015,4,4,4,4,4,4,4
128,Игровые консоли - PS4,06.09.2014,19,19,19,19,19,19,19
129,Игровые консоли - PS4,06.09.2015,6,6,6,6,6,6,6
130,Игровые консоли - PS4,06.10.2014,10,10,10,10,10,10,10
131,Игровые консоли - PS4,06.11.2014,18,18,18,18,18,18,18
132,Игровые консоли - PS4,06.12.2013,31,31,31,31,31,31,31
133,Игровые консоли - PS4,06.12.2014,43,43,43,43,43,43,43
134,Игровые консоли - PS4,07.01.2014,10,10,10,10,10,10,10
135,Игровые консоли - PS4,07.01.2015,8,8,8,8,8,8,8
136,Игровые консоли - PS4,07.02.2014,20,20,20,20,20,20,20
137,Игровые консоли - PS4,07.02.2015,5,5,5,5,5,5,5
138,Игровые консоли - PS4,07.03.2014,7,7,7,7,7,7,7
139,Игровые консоли - PS4,07.03.2015,10,10,10,10,10,10,10
140,Игровые консоли - PS4,07.04.2014,12,12,12,12,12,12,12
141,Игровые консоли - PS4,07.04.2015,1,1,1,1,1,1,1
142,Игровые консоли - PS4,07.05.2014,12,12,12,12,12,12,12
143,Игровые консоли - PS4,07.05.2015,1,1,1,1,1,1,1
144,Игровые консоли - PS4,07.06.2014,15,15,15,15,15,15,15
145,Игровые консоли - PS4,07.06.2015,8,8,8,8,8,8,8
146,Игровые консоли - PS4,07.07.2014,10,10,10,10,10,10,10
147,Игровые консоли - PS4,07.07.2015,4,4,4,4,4,4,4
148,Игровые консоли - PS4,07.08.2014,17,17,17,17,17,17,17
149,Игровые консоли - PS4,07.08.2015,3,3,3,3,3,3,3
150,Игровые консоли - PS4,07.09.2014,14,14,14,14,14,14,14
151,Игровые консоли - PS4,07.09.2015,3,3,3,3,3,3,3
152,Игровые консоли - PS4,07.10.2014,9,9,9,9,9,9,9
153,Игровые консоли - PS4,07.10.2015,4,4,4,4,4,4,4
154,Игровые консоли - PS4,07.11.2014,19,19,19,19,19,19,19
155,Игровые консоли - PS4,07.12.2013,14,14,14,14,14,14,14
156,Игровые консоли - PS4,07.12.2014,30,30,30,30,30,30,30
157,Игровые консоли - PS4,08.01.2014,9,9,9,9,9,9,9
158,Игровые консоли - PS4,08.01.2015,10,10,10,10,10,10,10
159,Игровые консоли - PS4,08.02.2014,29,29,29,29,29,29,29
160,Игровые консоли - PS4,08.02.2015,6,6,6,6,6,6,6
161,Игровые консоли - PS4,08.03.2014,7,7,7,7,7,7,7
162,Игровые консоли - PS4,08.03.2015,8,8,8,8,8,8,8
163,Игровые консоли - PS4,08.04.2014,11,11,11,11,11,11,11
164,Игровые консоли - PS4,08.04.2015,4,4,4,4,4,4,4
165,Игровые консоли - PS4,08.05.2014,10,10,10,10,10,10,10
166,Игровые консоли - PS4,08.05.2015,3,3,3,3,3,3,3
167,Игровые консоли - PS4,08.06.2014,6,6,6,6,6,6,6
168,Игровые консоли - PS4,08.06.2015,5,5,5,5,5,5,5
169,Игровые консоли - PS4,08.07.2014,7,7,7,7,7,7,7
170,Игровые консоли - PS4,08.07.2015,4,4,4,4,4,4,4
171,Игровые консоли - PS4,08.08.2014,22,22,22,22,22,22,22
172,Игровые консоли - PS4,08.08.2015,2,2,2,2,2,2,2
173,Игровые консоли - PS4,08.09.2014,14,14,14,14,14,14,14
174,Игровые консоли - PS4,08.09.2015,2,2,2,2,2,2,2
175,Игровые консоли - PS4,08.10.2014,13,13,13,13,13,13,13
176,Игровые консоли - PS4,08.10.2015,5,5,5,5,5,5,5
177,Игровые консоли - PS4,08.11.2014,28,28,28,28,28,28,28
178,Игровые консоли - PS4,08.12.2013,6,6,6,6,6,6,6
179,Игровые консоли - PS4,08.12.2014,22,22,22,22,22,22,22
180,Игровые консоли - PS4,09.01.2014,6,6,6,6,6,6,6
181,Игровые консоли - PS4,09.01.2015,14,14,14,14,14,14,14
182,Игровые консоли - PS4,09.02.2014,22,22,22,22,22,22,22
183,Игровые консоли - PS4,09.02.2015,7,7,7,7,7,7,7
184,Игровые консоли - PS4,09.03.2014,7,7,7,7,7,7,7
185,Игровые консоли - PS4,09.03.2015,5,5,5,5,5,5,5
186,Игровые консоли - PS4,09.04.2014,11,11,11,11,11,11,11
187,Игровые консоли - PS4,09.04.2015,1,1,1,1,1,1,1
188,Игровые консоли - PS4,09.05.2014,7,7,7,7,7,7,7
189,Игровые консоли - PS4,09.05.2015,8,8,8,8,8,8,8
190,Игровые консоли - PS4,09.06.2014,6,6,6,6,6,6,6
191,Игровые консоли - PS4,09.06.2015,9,9,9,9,9,9,9
192,Игровые консоли - PS4,09.07.2014,14,14,14,14,14,14,14
193,Игровые консоли - PS4,09.07.2015,2,2,2,2,2,2,2
194,Игровые консоли - PS4,09.08.2014,26,26,26,26,26,26,26
195,Игровые консоли - PS4,09.08.2015,1,1,1,1,1,1,1
196,Игровые консоли - PS4,09.09.2014,13,13,13,13,13,13,13
197,Игровые консоли - PS4,09.09.2015,3,3,3,3,3,3,3
198,Игровые консоли - PS4,09.10.2014,12,12,12,12,12,12,12
199,Игровые консоли - PS4,09.10.2015,5,5,5,5,5,5,5
200,Игровые консоли - PS4,09.11.2014,19,19,19,19,19,19,19
201,Игровые консоли - PS4,09.12.2013,8,8,8,8,8,8,8
202,Игровые консоли - PS4,09.12.2014,22,22,22,22,22,22,22
203,Игровые консоли - PS4,10.01.2014,5,5,5,5,5,5,5
204,Игровые консоли - PS4,10.01.2015,9,9,9,9,9,9,9
205,Игровые консоли - PS4,10.02.2014,24,24,24,24,24,24,24
206,Игровые консоли - PS4,10.02.2015,5,5,5,5,5,5,5
207,Игровые консоли - PS4,10.03.2014,1,1,1,1,1,1,1
208,Игровые консоли - PS4,10.03.2015,4,4,4,4,4,4,4
209,Игровые консоли - PS4,10.04.2014,9,9,9,9,9,9,9
210,Игровые консоли - PS4,10.04.2015,1,1,1,1,1,1,1
211,Игровые консоли - PS4,10.05.2014,8,8,8,8,8,8,8
212,Игровые консоли - PS4,10.05.2015,3,3,3,3,3,3,3
213,Игровые консоли - PS4,10.06.2014,11,11,11,11,11,11,11
214,Игровые консоли - PS4,10.06.2015,3,3,3,3,3,3,3
215,Игровые консоли - PS4,10.07.2014,14,14,14,14,14,14,14
216,Игровые консоли - PS4,10.07.2015,2,2,2,2,2,2,2
217,Игровые консоли - PS4,10.08.2014,17,17,17,17,17,17,17
218,Игровые консоли - PS4,10.08.2015,3,3,3,3,3,3,3
219,Игровые консоли - PS4,10.09.2014,16,16,16,16,16,16,16
220,Игровые консоли - PS4,10.10.2014,22,22,22,22,22,22,22
221,Игровые консоли - PS4,10.10.2015,10,10,10,10,10,10,10
222,Игровые консоли - PS4,10.11.2014,15,15,15,15,15,15,15
223,Игровые консоли - PS4,10.12.2013,4,4,4,4,4,4,4
224,Игровые консоли - PS4,10.12.2014,24,24,24,24,24,24,24
225,Игровые консоли - PS4,11.01.2014,7,7,7,7,7,7,7
226,Игровые консоли - PS4,11.01.2015,13,13,13,13,13,13,13
227,Игровые консоли - PS4,11.02.2014,19,19,19,19,19,19,19
228,Игровые консоли - PS4,11.02.2015,4,4,4,4,4,4,4
229,Игровые консоли - PS4,11.03.2014,1,1,1,1,1,1,1
230,Игровые консоли - PS4,11.03.2015,4,4,4,4,4,4,4
231,Игровые консоли - PS4,11.04.2014,12,12,12,12,12,12,12
232,Игровые консоли - PS4,11.04.2015,5,5,5,5,5,5,5
233,Игровые консоли - PS4,11.05.2014,8,8,8,8,8,8,8
234,Игровые консоли - PS4,11.05.2015,3,3,3,3,3,3,3
235,Игровые консоли - PS4,11.06.2014,14,14,14,14,14,14,14
236,Игровые консоли - PS4,11.06.2015,11,11,11,11,11,11,11
237,Игровые консоли - PS4,11.07.2014,16,16,16,16,16,16,16
238,Игровые консоли - PS4,11.07.2015,4,4,4,4,4,4,4
239,Игровые консоли - PS4,11.08.2014,8,8,8,8,8,8,8
240,Игровые консоли - PS4,11.08.2015,2,2,2,2,2,2,2
241,Игровые консоли - PS4,11.09.2014,21,21,21,21,21,21,21
242,Игровые консоли - PS4,11.09.2015,5,5,5,5,5,5,5
243,Игровые консоли - PS4,11.10.2014,18,18,18,18,18,18,18
244,Игровые консоли - PS4,11.10.2015,5,5,5,5,5,5,5
245,Игровые консоли - PS4,11.11.2014,13,13,13,13,13,13,13
246,Игровые консоли - PS4,11.12.2013,3,3,3,3,3,3,3
247,Игровые консоли - PS4,11.12.2014,23,23,23,23,23,23,23
248,Игровые консоли - PS4,12.01.2014,4,4,4,4,4,4,4
249,Игровые консоли - PS4,12.01.2015,8,8,8,8,8,8,8
250,Игровые консоли - PS4,12.02.2014,13,13,13,13,13,13,13
251,Игровые консоли - PS4,12.02.2015,4,4,4,4,4,4,4
252,Игровые консоли - PS4,12.03.2014,2,2,2,2,2,2,2
253,Игровые консоли - PS4,12.03.2015,4,4,4,4,4,4,4
254,Игровые консоли - PS4,12.04.2014,14,14,14,14,14,14,14
255,Игровые консоли - PS4,12.04.2015,2,2,2,2,2,2,2
256,Игровые консоли - PS4,12.05.2014,6,6,6,6,6,6,6
257,Игровые консоли - PS4,12.05.2015,5,5,5,5,5,5,5
258,Игровые консоли - PS4,12.06.2014,15,15,15,15,15,15,15
259,Игровые консоли - PS4,12.06.2015,8,8,8,8,8,8,8
260,Игровые консоли - PS4,12.07.2014,15,15,15,15,15,15,15
261,Игровые консоли - PS4,12.07.2015,1,1,1,1,1,1,1
262,Игровые консоли - PS4,12.08.2014,16,16,16,16,16,16,16
263,Игровые консоли - PS4,12.09.2014,11,11,11,11,11,11,11
264,Игровые консоли - PS4,12.09.2015,4,4,4,4,4,4,4
265,Игровые консоли - PS4,12.10.2014,14,14,14,14,14,14,14
266,Игровые консоли - PS4,12.10.2015,5,5,5,5,5,5,5
267,Игровые консоли - PS4,12.11.2014,8,8,8,8,8,8,8
268,Игровые консоли - PS4,12.12.2013,5,5,5,5,5,5,5
269,Игровые консоли - PS4,12.12.2014,23,23,23,23,23,23,23
270,Игровые консоли - PS4,13.01.2014,9,9,9,9,9,9,9
271,Игровые консоли - PS4,13.01.2015,9,9,9,9,9,9,9
272,Игровые консоли - PS4,13.02.2014,18,18,18,18,18,18,18
273,Игровые консоли - PS4,13.02.2015,7,7,7,7,7,7,7
274,Игровые консоли - PS4,13.03.2014,1,1,1,1,1,1,1
275,Игровые консоли - PS4,13.03.2015,2,2,2,2,2,2,2
276,Игровые консоли - PS4,13.04.2014,8,8,8,8,8,8,8
277,Игровые консоли - PS4,13.04.2015,2,2,2,2,2,2,2
278,Игровые консоли - PS4,13.05.2014,9,9,9,9,9,9,9
279,Игровые консоли - PS4,13.05.2015,5,5,5,5,5,5,5
280,Игровые консоли - PS4,13.06.2014,10,10,10,10,10,10,10
281,Игровые консоли - PS4,13.06.2015,8,8,8,8,8,8,8
282,Игровые консоли - PS4,13.07.2014,8,8,8,8,8,8,8
283,Игровые консоли - PS4,13.08.2014,20,20,20,20,20,20,20
284,Игровые консоли - PS4,13.08.2015,2,2,2,2,2,2,2
285,Игровые консоли - PS4,13.09.2014,22,22,22,22,22,22,22
286,Игровые консоли - PS4,13.09.2015,5,5,5,5,5,5,5
287,Игровые консоли - PS4,13.10.2014,7,7,7,7,7,7,7
288,Игровые консоли - PS4,13.10.2015,2,2,2,2,2,2,2
289,Игровые консоли - PS4,13.11.2014,27,27,27,27,27,27,27
290,Игровые консоли - PS4,13.12.2013,11,11,11,11,11,11,11
291,Игровые консоли - PS4,13.12.2014,43,43,43,43,43,43,43
292,Игровые консоли - PS4,14.01.2014,2,2,2,2,2,2,2
293,Игровые консоли - PS4,14.01.2015,15,15,15,15,15,15,15
294,Игровые консоли - PS4,14.02.2014,21,21,21,21,21,21,21
295,Игровые консоли - PS4,14.02.2015,10,10,10,10,10,10,10
296,Игровые консоли - PS4,14.03.2014,1,1,1,1,1,1,1
297,Игровые консоли - PS4,14.03.2015,12,12,12,12,12,12,12
298,Игровые консоли - PS4,14.04.2014,6,6,6,6,6,6,6
299,Игровые консоли - PS4,14.04.2015,2,2,2,2,2,2,2
300,Игровые консоли - PS4,14.05.2014,5,5,5,5,5,5,5
301,Игровые консоли - PS4,14.05.2015,5,5,5,5,5,5,5
302,Игровые консоли - PS4,14.06.2014,9,9,9,9,9,9,9
303,Игровые консоли - PS4,14.06.2015,4,4,4,4,4,4,4
304,Игровые консоли - PS4,14.07.2014,13,13,13,13,13,13,13
305,Игровые консоли - PS4,14.07.2015,2,2,2,2,2,2,2
306,Игровые консоли - PS4,14.08.2014,20,20,20,20,20,20,20
307,Игровые консоли - PS4,14.08.2015,3,3,3,3,3,3,3
308,Игровые консоли - PS4,14.09.2014,13,13,13,13,13,13,13
309,Игровые консоли - PS4,14.09.2015,4,4,4,4,4,4,4
310,Игровые консоли - PS4,14.10.2014,11,11,11,11,11,11,11
311,Игровые консоли - PS4,14.10.2015,6,6,6,6,6,6,6
312,Игровые консоли - PS4,14.11.2014,23,23,23,23,23,23,23
313,Игровые консоли - PS4,14.12.2013,15,15,15,15,15,15,15
314,Игровые консоли - PS4,14.12.2014,40,40,40,40,40,40,40
315,Игровые консоли - PS4,15.01.2014,2,2,2,2,2,2,2
316,Игровые консоли - PS4,15.01.2015,9,9,9,9,9,9,9
317,Игровые консоли - PS4,15.02.2014,13,13,13,13,13,13,13
318,Игровые консоли - PS4,15.02.2015,7,7,7,7,7,7,7
319,Игровые консоли - PS4,15.03.2015,5,5,5,5,5,5,5
320,Игровые консоли - PS4,15.04.2014,7,7,7,7,7,7,7
321,Игровые консоли - PS4,15.04.2015,1,1,1,1,1,1,1
322,Игровые консоли - PS4,15.05.2014,7,7,7,7,7,7,7
323,Игровые консоли - PS4,15.05.2015,1,1,1,1,1,1,1
324,Игровые консоли - PS4,15.06.2014,10,10,10,10,10,10,10
325,Игровые консоли - PS4,15.06.2015,4,4,4,4,4,4,4
326,Игровые консоли - PS4,15.07.2014,10,10,10,10,10,10,10
327,Игровые консоли - PS4,15.07.2015,2,2,2,2,2,2,2
328,Игровые консоли - PS4,15.08.2014,26,26,26,26,26,26,26
329,Игровые консоли - PS4,15.08.2015,2,2,2,2,2,2,2
330,Игровые консоли - PS4,15.09.2014,10,10,10,10,10,10,10
331,Игровые консоли - PS4,15.09.2015,15,15,15,15,15,15,15
332,Игровые консоли - PS4,15.10.2014,13,13,13,13,13,13,13
333,Игровые консоли - PS4,15.10.2015,6,6,6,6,6,6,6
334,Игровые консоли - PS4,15.11.2014,38,38,38,38,38,38,38
335,Игровые консоли - PS4,15.12.2013,9,9,9,9,9,9,9
336,Игровые консоли - PS4,15.12.2014,24,24,24,24,24,24,24
337,Игровые консоли - PS4,16.01.2014,6,6,6,6,6,6,6
338,Игровые консоли - PS4,16.01.2015,14,14,14,14,14,14,14
339,Игровые консоли - PS4,16.02.2014,6,6,6,6,6,6,6
340,Игровые консоли - PS4,16.02.2015,4,4,4,4,4,4,4
341,Игровые консоли - PS4,16.03.2014,1,1,1,1,1,1,1
342,Игровые консоли - PS4,16.03.2015,3,3,3,3,3,3,3
343,Игровые консоли - PS4,16.04.2014,6,6,6,6,6,6,6
344,Игровые консоли - PS4,16.04.2015,4,4,4,4,4,4,4
345,Игровые консоли - PS4,16.05.2014,11,11,11,11,11,11,11
346,Игровые консоли - PS4,16.05.2015,3,3,3,3,3,3,3
347,Игровые консоли - PS4,16.06.2014,8,8,8,8,8,8,8
348,Игровые консоли - PS4,16.06.2015,1,1,1,1,1,1,1
349,Игровые консоли - PS4,16.07.2014,9,9,9,9,9,9,9
350,Игровые консоли - PS4,16.07.2015,4,4,4,4,4,4,4
351,Игровые консоли - PS4,16.08.2014,20,20,20,20,20,20,20
352,Игровые консоли - PS4,16.08.2015,3,3,3,3,3,3,3
353,Игровые консоли - PS4,16.09.2014,17,17,17,17,17,17,17
354,Игровые консоли - PS4,16.09.2015,13,13,13,13,13,13,13
355,Игровые консоли - PS4,16.10.2014,11,11,11,11,11,11,11
356,Игровые консоли - PS4,16.10.2015,8,8,8,8,8,8,8
357,Игровые консоли - PS4,16.11.2014,29,29,29,29,29,29,29
358,Игровые консоли - PS4,16.12.2013,16,16,16,16,16,16,16
359,Игровые консоли - PS4,16.12.2014,46,46,46,46,46,46,46
360,Игровые консоли - PS4,17.01.2014,4,4,4,4,4,4,4
361,Игровые консоли - PS4,17.01.2015,14,14,14,14,14,14,14
362,Игровые консоли - PS4,17.02.2014,5,5,5,5,5,5,5
363,Игровые консоли - PS4,17.02.2015,4,4,4,4,4,4,4
364,Игровые консоли - PS4,17.03.2014,1,1,1,1,1,1,1
365,Игровые консоли - PS4,17.03.2015,2,2,2,2,2,2,2
366,Игровые консоли - PS4,17.04.2014,10,10,10,10,10,10,10
367,Игровые консоли - PS4,17.04.2015,6,6,6,6,6,6,6
368,Игровые консоли - PS4,17.05.2014,13,13,13,13,13,13,13
369,Игровые консоли - PS4,17.05.2015,3,3,3,3,3,3,3
370,Игровые консоли - PS4,17.06.2014,14,14,14,14,14,14,14
371,Игровые консоли - PS4,17.06.2015,1,1,1,1,1,1,1
372,Игровые консоли - PS4,17.07.2014,7,7,7,7,7,7,7
373,Игровые консоли - PS4,17.07.2015,4,4,4,4,4,4,4
374,Игровые консоли - PS4,17.08.2014,25,25,25,25,25,25,25
375,Игровые консоли - PS4,17.09.2014,13,13,13,13,13,13,13
376,Игровые консоли - PS4,17.09.2015,6,6,6,6,6,6,6
377,Игровые консоли - PS4,17.10.2014,6,6,6,6,6,6,6
378,Игровые консоли - PS4,17.10.2015,7,7,7,7,7,7,7
379,Игровые консоли - PS4,17.11.2014,21,21,21,21,21,21,21
380,Игровые консоли - PS4,17.12.2013,18,18,18,18,18,18,18
381,Игровые консоли - PS4,17.12.2014,38,38,38,38,38,38,38
382,Игровые консоли - PS4,18.01.2014,6,6,6,6,6,6,6
383,Игровые консоли - PS4,18.01.2015,9,9,9,9,9,9,9
384,Игровые консоли - PS4,18.02.2014,5,5,5,5,5,5,5
385,Игровые консоли - PS4,18.02.2015,4,4,4,4,4,4,4
386,Игровые консоли - PS4,18.03.2014,1,1,1,1,1,1,1
387,Игровые консоли - PS4,18.03.2015,3,3,3,3,3,3,3
388,Игровые консоли - PS4,18.04.2014,9,9,9,9,9,9,9
389,Игровые консоли - PS4,18.04.2015,3,3,3,3,3,3,3
390,Игровые консоли - PS4,18.05.2014,16,16,16,16,16,16,16
391,Игровые консоли - PS4,18.05.2015,7,7,7,7,7,7,7
392,Игровые консоли - PS4,18.06.2014,15,15,15,15,15,15,15
393,Игровые консоли - PS4,18.06.2015,3,3,3,3,3,3,3
394,Игровые консоли - PS4,18.07.2014,9,9,9,9,9,9,9
395,Игровые консоли - PS4,18.07.2015,2,2,2,2,2,2,2
396,Игровые консоли - PS4,18.08.2014,28,28,28,28,28,28,28
397,Игровые консоли - PS4,18.08.2015,2,2,2,2,2,2,2
398,Игровые консоли - PS4,18.09.2014,8,8,8,8,8,8,8
399,Игровые консоли - PS4,18.09.2015,9,9,9,9,9,9,9
400,Игровые консоли - PS4,18.10.2014,16,16,16,16,16,16,16
401,Игровые консоли - PS4,18.10.2015,12,12,12,12,12,12,12
402,Игровые консоли - PS4,18.11.2014,16,16,16,16,16,16,16
403,Игровые консоли - PS4,18.12.2013,21,21,21,21,21,21,21
404,Игровые консоли - PS4,18.12.2014,40,40,40,40,40,40,40
405,Игровые консоли - PS4,19.01.2014,8,8,8,8,8,8,8
406,Игровые консоли - PS4,19.01.2015,6,6,6,6,6,6,6
407,Игровые консоли - PS4,19.02.2014,18,18,18,18,18,18,18
408,Игровые консоли - PS4,19.02.2015,6,6,6,6,6,6,6
409,Игровые консоли - PS4,19.03.2014,13,13,13,13,13,13,13
410,Игровые консоли - PS4,19.03.2015,7,7,7,7,7,7,7
411,Игровые консоли - PS4,19.04.2014,9,9,9,9,9,9,9
412,Игровые консоли - PS4,19.04.2015,5,5,5,5,5,5,5
413,Игровые консоли - PS4,19.05.2014,8,8,8,8,8,8,8
414,Игровые консоли - PS4,19.05.2015,3,3,3,3,3,3,3
415,Игровые консоли - PS4,19.06.2014,13,13,13,13,13,13,13
416,Игровые консоли - PS4,19.06.2015,5,5,5,5,5,5,5
417,Игровые консоли - PS4,19.07.2014,11,11,11,11,11,11,11
418,Игровые консоли - PS4,19.08.2014,28,28,28,28,28,28,28
419,Игровые консоли - PS4,19.08.2015,1,1,1,1,1,1,1
420,Игровые консоли - PS4,19.09.2014,14,14,14,14,14,14,14
421,Игровые консоли - PS4,19.09.2015,4,4,4,4,4,4,4
422,Игровые консоли - PS4,19.10.2014,16,16,16,16,16,16,16
423,Игровые консоли - PS4,19.10.2015,2,2,2,2,2,2,2
424,Игровые консоли - PS4,19.11.2014,25,25,25,25,25,25,25
425,Игровые консоли - PS4,19.12.2013,26,26,26,26,26,26,26
426,Игровые консоли - PS4,19.12.2014,40,40,40,40,40,40,40
427,Игровые консоли - PS4,20.01.2014,4,4,4,4,4,4,4
428,Игровые консоли - PS4,20.01.2015,8,8,8,8,8,8,8
429,Игровые консоли - PS4,20.02.2014,17,17,17,17,17,17,17
430,Игровые консоли - PS4,20.02.2015,8,8,8,8,8,8,8
431,Игровые консоли - PS4,20.03.2014,15,15,15,15,15,15,15
432,Игровые консоли - PS4,20.03.2015,3,3,3,3,3,3,3
433,Игровые консоли - PS4,20.04.2014,6,6,6,6,6,6,6
434,Игровые консоли - PS4,20.04.2015,2,2,2,2,2,2,2
435,Игровые консоли - PS4,20.05.2014,7,7,7,7,7,7,7
436,Игровые консоли - PS4,20.05.2015,4,4,4,4,4,4,4
437,Игровые консоли - PS4,20.06.2014,16,16,16,16,16,16,16
438,Игровые консоли - PS4,20.06.2015,3,3,3,3,3,3,3
439,Игровые консоли - PS4,20.07.2014,6,6,6,6,6,6,6
440,Игровые консоли - PS4,20.07.2015,1,1,1,1,1,1,1
441,Игровые консоли - PS4,20.08.2014,17,17,17,17,17,17,17
442,Игровые консоли - PS4,20.08.2015,2,2,2,2,2,2,2
443,Игровые консоли - PS4,20.09.2014,15,15,15,15,15,15,15
444,Игровые консоли - PS4,20.09.2015,2,2,2,2,2,2,2
445,Игровые консоли - PS4,20.10.2014,8,8,8,8,8,8,8
446,Игровые консоли - PS4,20.10.2015,4,4,4,4,4,4,4
447,Игровые консоли - PS4,20.11.2014,27,27,27,27,27,27,27
448,Игровые консоли - PS4,20.12.2013,21,21,21,21,21,21,21
449,Игровые консоли - PS4,20.12.2014,39,39,39,39,39,39,39
450,Игровые консоли - PS4,21.01.2014,8,8,8,8,8,8,8
451,Игровые консоли - PS4,21.01.2015,10,10,10,10,10,10,10
452,Игровые консоли - PS4,21.02.2014,23,23,23,23,23,23,23
453,Игровые консоли - PS4,21.02.2015,11,11,11,11,11,11,11
454,Игровые консоли - PS4,21.03.2014,25,25,25,25,25,25,25
455,Игровые консоли - PS4,21.03.2015,6,6,6,6,6,6,6
456,Игровые консоли - PS4,21.04.2014,5,5,5,5,5,5,5
457,Игровые консоли - PS4,21.04.2015,1,1,1,1,1,1,1
458,Игровые консоли - PS4,21.05.2014,8,8,8,8,8,8,8
459,Игровые консоли - PS4,21.05.2015,1,1,1,1,1,1,1
460,Игровые консоли - PS4,21.06.2014,19,19,19,19,19,19,19
461,Игровые консоли - PS4,21.06.2015,7,7,7,7,7,7,7
462,Игровые консоли - PS4,21.07.2014,12,12,12,12,12,12,12
463,Игровые консоли - PS4,21.07.2015,3,3,3,3,3,3,3
464,Игровые консоли - PS4,21.08.2014,16,16,16,16,16,16,16
465,Игровые консоли - PS4,21.08.2015,4,4,4,4,4,4,4
466,Игровые консоли - PS4,21.09.2014,17,17,17,17,17,17,17
467,Игровые консоли - PS4,21.09.2015,4,4,4,4,4,4,4
468,Игровые консоли - PS4,21.10.2014,2,2,2,2,2,2,2
469,Игровые консоли - PS4,21.10.2015,3,3,3,3,3,3,3
470,Игровые консоли - PS4,21.11.2014,28,28,28,28,28,28,28
471,Игровые консоли - PS4,21.12.2013,24,24,24,24,24,24,24
472,Игровые консоли - PS4,21.12.2014,29,29,29,29,29,29,29
473,Игровые консоли - PS4,22.01.2014,5,5,5,5,5,5,5
474,Игровые консоли - PS4,22.01.2015,6,6,6,6,6,6,6
475,Игровые консоли - PS4,22.02.2014,26,26,26,26,26,26,26
476,Игровые консоли - PS4,22.02.2015,13,13,13,13,13,13,13
477,Игровые консоли - PS4,22.03.2014,29,29,29,29,29,29,29
478,Игровые консоли - PS4,22.03.2015,5,5,5,5,5,5,5
479,Игровые консоли - PS4,22.04.2014,4,4,4,4,4,4,4
480,Игровые консоли - PS4,22.04.2015,1,1,1,1,1,1,1
481,Игровые консоли - PS4,22.05.2014,3,3,3,3,3,3,3
482,Игровые консоли - PS4,22.05.2015,6,6,6,6,6,6,6
483,Игровые консоли - PS4,22.06.2014,10,10,10,10,10,10,10
484,Игровые консоли - PS4,22.06.2015,1,1,1,1,1,1,1
485,Игровые консоли - PS4,22.07.2014,8,8,8,8,8,8,8
486,Игровые консоли - PS4,22.07.2015,4,4,4,4,4,4,4
487,Игровые консоли - PS4,22.08.2014,18,18,18,18,18,18,18
488,Игровые консоли - PS4,22.08.2015,5,5,5,5,5,5,5
489,Игровые консоли - PS4,22.09.2014,12,12,12,12,12,12,12
490,Игровые консоли - PS4,22.09.2015,7,7,7,7,7,7,7
491,Игровые консоли - PS4,22.10.2014,6,6,6,6,6,6,6
492,Игровые консоли - PS4,22.10.2015,5,5,5,5,5,5,5
493,Игровые консоли - PS4,22.11.2014,32,32,32,32,32,32,32
494,Игровые консоли - PS4,22.12.2013,17,17,17,17,17,17,17
495,Игровые консоли - PS4,22.12.2014,14,14,14,14,14,14,14
496,Игровые консоли - PS4,23.01.2014,4,4,4,4,4,4,4
497,Игровые консоли - PS4,23.01.2015,6,6,6,6,6,6,6
498,Игровые консоли - PS4,23.02.2014,14,14,14,14,14,14,14
499,Игровые консоли - PS4,23.02.2015,12,12,12,12,12,12,12
500,Игровые консоли - PS4,23.03.2014,13,13,13,13,13,13,13
501,Игровые консоли - PS4,23.03.2015,3,3,3,3,3,3,3
502,Игровые консоли - PS4,23.04.2014,12,12,12,12,12,12,12
503,Игровые консоли - PS4,23.05.2014,6,6,6,6,6,6,6
504,Игровые консоли - PS4,23.05.2015,9,9,9,9,9,9,9
505,Игровые консоли - PS4,23.06.2014,12,12,12,12,12,12,12
506,Игровые консоли - PS4,23.06.2015,1,1,1,1,1,1,1
507,Игровые консоли - PS4,23.07.2014,10,10,10,10,10,10,10
508,Игровые консоли - PS4,23.07.2015,4,4,4,4,4,4,4
509,Игровые консоли - PS4,23.08.2014,18,18,18,18,18,18,18
510,Игровые консоли - PS4,23.08.2015,5,5,5,5,5,5,5
511,Игровые консоли - PS4,23.09.2014,6,6,6,6,6,6,6
512,Игровые консоли - PS4,23.09.2015,4,4,4,4,4,4,4
513,Игровые консоли - PS4,23.10.2014,6,6,6,6,6,6,6
514,Игровые консоли - PS4,23.10.2015,1,1,1,1,1,1,1
515,Игровые консоли - PS4,23.11.2014,27,27,27,27,27,27,27
516,Игровые консоли - PS4,23.12.2013,24,24,24,24,24,24,24
517,Игровые консоли - PS4,23.12.2014,22,22,22,22,22,22,22
518,Игровые консоли - PS4,24.01.2014,8,8,8,8,8,8,8
519,Игровые консоли - PS4,24.01.2015,7,7,7,7,7,7,7
520,Игровые консоли - PS4,24.02.2014,13,13,13,13,13,13,13
521,Игровые консоли - PS4,24.02.2015,8,8,8,8,8,8,8
522,Игровые консоли - PS4,24.03.2014,19,19,19,19,19,19,19
523,Игровые консоли - PS4,24.03.2015,5,5,5,5,5,5,5
524,Игровые консоли - PS4,24.04.2014,10,10,10,10,10,10,10
525,Игровые консоли - PS4,24.04.2015,5,5,5,5,5,5,5
526,Игровые консоли - PS4,24.05.2014,12,12,12,12,12,12,12
527,Игровые консоли - PS4,24.05.2015,4,4,4,4,4,4,4
528,Игровые консоли - PS4,24.06.2014,11,11,11,11,11,11,11
529,Игровые консоли - PS4,24.06.2015,5,5,5,5,5,5,5
530,Игровые консоли - PS4,24.07.2014,6,6,6,6,6,6,6
531,Игровые консоли - PS4,24.08.2014,18,18,18,18,18,18,18
532,Игровые консоли - PS4,24.08.2015,5,5,5,5,5,5,5
533,Игровые консоли - PS4,24.09.2014,10,10,10,10,10,10,10
534,Игровые консоли - PS4,24.09.2015,5,5,5,5,5,5,5
535,Игровые консоли - PS4,24.10.2014,9,9,9,9,9,9,9
536,Игровые консоли - PS4,24.10.2015,4,4,4,4,4,4,4
537,Игровые консоли - PS4,24.11.2014,16,16,16,16,16,16,16
538,Игровые консоли - PS4,24.12.2013,29,29,29,29,29,29,29
539,Игровые консоли - PS4,24.12.2014,16,16,16,16,16,16,16
540,Игровые консоли - PS4,25.01.2014,6,6,6,6,6,6,6
541,Игровые консоли - PS4,25.01.2015,5,5,5,5,5,5,5
542,Игровые консоли - PS4,25.02.2014,12,12,12,12,12,12,12
543,Игровые консоли - PS4,25.02.2015,7,7,7,7,7,7,7
544,Игровые консоли - PS4,25.03.2014,19,19,19,19,19,19,19
545,Игровые консоли - PS4,25.03.2015,9,9,9,9,9,9,9
546,Игровые консоли - PS4,25.04.2014,10,10,10,10,10,10,10
547,Игровые консоли - PS4,25.04.2015,4,4,4,4,4,4,4
548,Игровые консоли - PS4,25.05.2014,7,7,7,7,7,7,7
549,Игровые консоли - PS4,25.05.2015,4,4,4,4,4,4,4
550,Игровые консоли - PS4,25.06.2014,9,9,9,9,9,9,9
551,Игровые консоли - PS4,25.07.2014,10,10,10,10,10,10,10
552,Игровые консоли - PS4,25.07.2015,3,3,3,3,3,3,3
553,Игровые консоли - PS4,25.08.2014,22,22,22,22,22,22,22
554,Игровые консоли - PS4,25.08.2015,7,7,7,7,7,7,7
555,Игровые консоли - PS4,25.09.2014,28,28,28,28,28,28,28
556,Игровые консоли - PS4,25.09.2015,7,7,7,7,7,7,7
557,Игровые консоли - PS4,25.10.2014,15,15,15,15,15,15,15
558,Игровые консоли - PS4,25.10.2015,8,8,8,8,8,8,8
559,Игровые консоли - PS4,25.11.2014,18,18,18,18,18,18,18
560,Игровые консоли - PS4,25.12.2013,22,22,22,22,22,22,22
561,Игровые консоли - PS4,25.12.2014,10,10,10,10,10,10,10
562,Игровые консоли - PS4,26.01.2014,3,3,3,3,3,3,3
563,Игровые консоли - PS4,26.01.2015,4,4,4,4,4,4,4
564,Игровые консоли - PS4,26.02.2014,16,16,16,16,16,16,16
565,Игровые консоли - PS4,26.02.2015,9,9,9,9,9,9,9
566,Игровые консоли - PS4,26.03.2014,24,24,24,24,24,24,24
567,Игровые консоли - PS4,26.03.2015,10,10,10,10,10,10,10
568,Игровые консоли - PS4,26.04.2014,18,18,18,18,18,18,18
569,Игровые консоли - PS4,26.04.2015,5,5,5,5,5,5,5
570,Игровые консоли - PS4,26.05.2014,8,8,8,8,8,8,8
571,Игровые консоли - PS4,26.05.2015,5,5,5,5,5,5,5
572,Игровые консоли - PS4,26.06.2014,12,12,12,12,12,12,12
573,Игровые консоли - PS4,26.06.2015,4,4,4,4,4,4,4
574,Игровые консоли - PS4,26.07.2014,14,14,14,14,14,14,14
575,Игровые консоли - PS4,26.07.2015,2,2,2,2,2,2,2
576,Игровые консоли - PS4,26.08.2014,14,14,14,14,14,14,14
577,Игровые консоли - PS4,26.08.2015,6,6,6,6,6,6,6
578,Игровые консоли - PS4,26.09.2014,19,19,19,19,19,19,19
579,Игровые консоли - PS4,26.09.2015,12,12,12,12,12,12,12
580,Игровые консоли - PS4,26.10.2014,9,9,9,9,9,9,9
581,Игровые консоли - PS4,26.10.2015,4,4,4,4,4,4,4
582,Игровые консоли - PS4,26.11.2014,22,22,22,22,22,22,22
583,Игровые консоли - PS4,26.12.2013,27,27,27,27,27,27,27
584,Игровые консоли - PS4,26.12.2014,22,22,22,22,22,22,22
585,Игровые консоли - PS4,27.01.2015,8,8,8,8,8,8,8
586,Игровые консоли - PS4,27.02.2014,14,14,14,14,14,14,14
587,Игровые консоли - PS4,27.02.2015,9,9,9,9,9,9,9
588,Игровые консоли - PS4,27.03.2014,19,19,19,19,19,19,19
589,Игровые консоли - PS4,27.03.2015,5,5,5,5,5,5,5
590,Игровые консоли - PS4,27.04.2014,10,10,10,10,10,10,10
591,Игровые консоли - PS4,27.04.2015,2,2,2,2,2,2,2
592,Игровые консоли - PS4,27.05.2014,12,12,12,12,12,12,12
593,Игровые консоли - PS4,27.05.2015,3,3,3,3,3,3,3
594,Игровые консоли - PS4,27.06.2014,18,18,18,18,18,18,18
595,Игровые консоли - PS4,27.07.2014,15,15,15,15,15,15,15
596,Игровые консоли - PS4,27.08.2014,17,17,17,17,17,17,17
597,Игровые консоли - PS4,27.08.2015,9,9,9,9,9,9,9
598,Игровые консоли - PS4,27.09.2014,28,28,28,28,28,28,28
599,Игровые консоли - PS4,27.09.2015,7,7,7,7,7,7,7
600,Игровые консоли - PS4,27.10.2014,2,2,2,2,2,2,2
601,Игровые консоли - PS4,27.10.2015,4,4,4,4,4,4,4
602,Игровые консоли - PS4,27.11.2014,21,21,21,21,21,21,21
603,Игровые консоли - PS4,27.12.2013,28,28,28,28,28,28,28
604,Игровые консоли - PS4,27.12.2014,39,39,39,39,39,39,39
605,Игровые консоли - PS4,28.01.2014,4,4,4,4,4,4,4
606,Игровые консоли - PS4,28.01.2015,6,6,6,6,6,6,6
607,Игровые консоли - PS4,28.02.2014,17,17,17,17,17,17,17
608,Игровые консоли - PS4,28.02.2015,10,10,10,10,10,10,10
609,Игровые консоли - PS4,28.03.2014,19,19,19,19,19,19,19
610,Игровые консоли - PS4,28.03.2015,9,9,9,9,9,9,9
611,Игровые консоли - PS4,28.04.2014,15,15,15,15,15,15,15
612,Игровые консоли - PS4,28.04.2015,3,3,3,3,3,3,3
613,Игровые консоли - PS4,28.05.2014,12,12,12,12,12,12,12
614,Игровые консоли - PS4,28.05.2015,3,3,3,3,3,3,3
615,Игровые консоли - PS4,28.06.2014,13,13,13,13,13,13,13
616,Игровые консоли - PS4,28.06.2015,2,2,2,2,2,2,2
617,Игровые консоли - PS4,28.07.2014,11,11,11,11,11,11,11
618,Игровые консоли - PS4,28.07.2015,4,4,4,4,4,4,4
619,Игровые консоли - PS4,28.08.2014,14,14,14,14,14,14,14
620,Игровые консоли - PS4,28.08.2015,9,9,9,9,9,9,9
621,Игровые консоли - PS4,28.09.2014,19,19,19,19,19,19,19
622,Игровые консоли - PS4,28.09.2015,5,5,5,5,5,5,5
623,Игровые консоли - PS4,28.10.2014,6,6,6,6,6,6,6
624,Игровые консоли - PS4,28.10.2015,6,6,6,6,6,6,6
625,Игровые консоли - PS4,28.11.2014,25,25,25,25,25,25,25
626,Игровые консоли - PS4,28.12.2013,34,34,34,34,34,34,34
627,Игровые консоли - PS4,28.12.2014,27,27,27,27,27,27,27
628,Игровые консоли - PS4,29.01.2014,5,5,5,5,5,5,5
629,Игровые консоли - PS4,29.01.2015,6,6,6,6,6,6,6
630,Игровые консоли - PS4,29.03.2014,19,19,19,19,19,19,19
631,Игровые консоли - PS4,29.03.2015,7,7,7,7,7,7,7
632,Игровые консоли - PS4,29.04.2014,11,11,11,11,11,11,11
633,Игровые консоли - PS4,29.04.2015,3,3,3,3,3,3,3
634,Игровые консоли - PS4,29.05.2014,7,7,7,7,7,7,7
635,Игровые консоли - PS4,29.05.2015,3,3,3,3,3,3,3
636,Игровые консоли - PS4,29.06.2014,5,5,5,5,5,5,5
637,Игровые консоли - PS4,29.06.2015,8,8,8,8,8,8,8
638,Игровые консоли - PS4,29.07.2014,16,16,16,16,16,16,16
639,Игровые консоли - PS4,29.08.2014,19,19,19,19,19,19,19
640,Игровые консоли - PS4,29.08.2015,7,7,7,7,7,7,7
641,Игровые консоли - PS4,29.09.2014,19,19,19,19,19,19,19
642,Игровые консоли - PS4,29.09.2015,10,10,10,10,10,10,10
643,Игровые консоли - PS4,29.10.2014,11,11,11,11,11,11,11
644,Игровые консоли - PS4,29.10.2015,2,2,2,2,2,2,2
645,Игровые консоли - PS4,29.11.2013,42,42,42,42,42,42,42
646,Игровые консоли - PS4,29.11.2014,31,31,31,31,31,31,31
647,Игровые консоли - PS4,29.12.2013,27,27,27,27,27,27,27
648,Игровые консоли - PS4,29.12.2014,30,30,30,30,30,30,30
649,Игровые консоли - PS4,30.01.2014,6,6,6,6,6,6,6
650,Игровые консоли - PS4,30.01.2015,6,6,6,6,6,6,6
651,Игровые консоли - PS4,30.03.2014,17,17,17,17,17,17,17
652,Игровые консоли - PS4,30.03.2015,8,8,8,8,8,8,8
653,Игровые консоли - PS4,30.04.2014,13,13,13,13,13,13,13
654,Игровые консоли - PS4,30.04.2015,3,3,3,3,3,3,3
655,Игровые консоли - PS4,30.05.2014,6,6,6,6,6,6,6
656,Игровые консоли - PS4,30.05.2015,12,12,12,12,12,12,12
657,Игровые консоли - PS4,30.06.2014,9,9,9,9,9,9,9
658,Игровые консоли - PS4,30.06.2015,5,5,5,5,5,5,5
659,Игровые консоли - PS4,30.07.2014,21,21,21,21,21,21,21
660,Игровые консоли - PS4,30.08.2014,14,14,14,14,14,14,14
661,Игровые консоли - PS4,30.08.2015,4,4,4,4,4,4,4
662,Игровые консоли - PS4,30.09.2014,22,22,22,22,22,22,22
663,Игровые консоли - PS4,30.09.2015,3,3,3,3,3,3,3
664,Игровые консоли - PS4,30.10.2014,11,11,11,11,11,11,11
665,Игровые консоли - PS4,30.10.2015,8,8,8,8,8,8,8
666,Игровые консоли - PS4,30.11.2013,41,41,41,41,41,41,41
667,Игровые консоли - PS4,30.11.2014,26,26,26,26,26,26,26
668,Игровые консоли - PS4,30.12.2013,27,27,27,27,27,27,27
669,Игровые консоли - PS4,30.12.2014,38,38,38,38,38,38,38
670,Игровые консоли - PS4,31.01.2014,7,7,7,7,7,7,7
671,Игровые консоли - PS4,31.01.2015,7,7,7,7,7,7,7
672,Игровые консоли - PS4,31.03.2014,13,13,13,13,13,13,13
673,Игровые консоли - PS4,31.03.2015,5,5,5,5,5,5,5
674,Игровые консоли - PS4,31.05.2014,15,15,15,15,15,15,15
675,Игровые консоли - PS4,31.05.2015,7,7,7,7,7,7,7
676,Игровые консоли - PS4,31.07.2014,15,15,15,15,15,15,15
677,Игровые консоли - PS4,31.07.2015,2,2,2,2,2,2,2
678,Игровые консоли - PS4,31.08.2014,16,16,16,16,16,16,16
679,Игровые консоли - PS4,31.08.2015,9,9,9,9,9,9,9
680,Игровые консоли - PS4,31.10.2014,13,13,13,13,13,13,13
681,Игровые консоли - PS4,31.10.2015,5,5,5,5,5,5,5
682,Игровые консоли - PS4,31.12.2013,23,23,23,23,23,23,23
683,Игровые консоли - PS4,31.12.2014,37,37,37,37,37,37,37
684,Игровые консоли - XBOX ONE,01.01.2015,11,11,11,11,11,11,11
685,Игровые консоли - XBOX ONE,01.03.2015,2,2,2,2,2,2,2
686,Игровые консоли - XBOX ONE,01.04.2015,2,2,2,2,2,2,2
687,Игровые консоли - XBOX ONE,01.05.2015,2,2,2,2,2,2,2
688,Игровые консоли - XBOX ONE,01.06.2015,1,1,1,1,1,1,1
689,Игровые консоли - XBOX ONE,01.07.2015,4,4,4,4,4,4,4
690,Игровые консоли - XBOX ONE,01.08.2014,5,5,5,5,5,5,5
691,Игровые консоли - XBOX ONE,01.08.2015,3,3,3,3,3,3,3
692,Игровые консоли - XBOX ONE,01.09.2014,3,3,3,3,3,3,3
693,Игровые консоли - XBOX ONE,01.10.2014,8,8,8,8,8,8,8
694,Игровые консоли - XBOX ONE,01.10.2015,2,2,2,2,2,2,2
695,Игровые консоли - XBOX ONE,01.11.2014,11,11,11,11,11,11,11
696,Игровые консоли - XBOX ONE,01.12.2014,2,2,2,2,2,2,2
697,Игровые консоли - XBOX ONE,02.01.2015,22,22,22,22,22,22,22
698,Игровые консоли - XBOX ONE,02.02.2015,3,3,3,3,3,3,3
699,Игровые консоли - XBOX ONE,02.03.2015,1,1,1,1,1,1,1
700,Игровые консоли - XBOX ONE,02.05.2015,2,2,2,2,2,2,2
701,Игровые консоли - XBOX ONE,02.06.2015,2,2,2,2,2,2,2
702,Игровые консоли - XBOX ONE,02.07.2015,1,1,1,1,1,1,1
703,Игровые консоли - XBOX ONE,02.08.2014,7,7,7,7,7,7,7
704,Игровые консоли - XBOX ONE,02.08.2015,1,1,1,1,1,1,1
705,Игровые консоли - XBOX ONE,02.09.2014,3,3,3,3,3,3,3
706,Игровые консоли - XBOX ONE,02.09.2015,1,1,1,1,1,1,1
707,Игровые консоли - XBOX ONE,02.10.2014,7,7,7,7,7,7,7
708,Игровые консоли - XBOX ONE,02.10.2015,2,2,2,2,2,2,2
709,Игровые консоли - XBOX ONE,02.11.2014,5,5,5,5,5,5,5
710,Игровые консоли - XBOX ONE,02.12.2014,3,3,3,3,3,3,3
711,Игровые консоли - XBOX ONE,03.01.2015,26,26,26,26,26,26,26
712,Игровые консоли - XBOX ONE,03.02.2015,1,1,1,1,1,1,1
713,Игровые консоли - XBOX ONE,03.04.2015,1,1,1,1,1,1,1
714,Игровые консоли - XBOX ONE,03.06.2015,3,3,3,3,3,3,3
715,Игровые консоли - XBOX ONE,03.08.2014,3,3,3,3,3,3,3
716,Игровые консоли - XBOX ONE,03.08.2015,2,2,2,2,2,2,2
717,Игровые консоли - XBOX ONE,03.09.2014,2,2,2,2,2,2,2
718,Игровые консоли - XBOX ONE,03.10.2014,11,11,11,11,11,11,11
719,Игровые консоли - XBOX ONE,03.10.2015,5,5,5,5,5,5,5
720,Игровые консоли - XBOX ONE,03.11.2014,7,7,7,7,7,7,7
721,Игровые консоли - XBOX ONE,03.12.2014,3,3,3,3,3,3,3
722,Игровые консоли - XBOX ONE,04.01.2015,18,18,18,18,18,18,18
723,Игровые консоли - XBOX ONE,04.02.2015,1,1,1,1,1,1,1
724,Игровые консоли - XBOX ONE,04.03.2015,1,1,1,1,1,1,1
725,Игровые консоли - XBOX ONE,04.04.2015,1,1,1,1,1,1,1
726,Игровые консоли - XBOX ONE,04.06.2015,1,1,1,1,1,1,1
727,Игровые консоли - XBOX ONE,04.07.2015,1,1,1,1,1,1,1
728,Игровые консоли - XBOX ONE,04.08.2014,3,3,3,3,3,3,3
729,Игровые консоли - XBOX ONE,04.08.2015,2,2,2,2,2,2,2
730,Игровые консоли - XBOX ONE,04.09.2014,4,4,4,4,4,4,4
731,Игровые консоли - XBOX ONE,04.09.2015,2,2,2,2,2,2,2
732,Игровые консоли - XBOX ONE,04.10.2014,14,14,14,14,14,14,14
733,Игровые консоли - XBOX ONE,04.11.2014,5,5,5,5,5,5,5
734,Игровые консоли - XBOX ONE,04.12.2014,9,9,9,9,9,9,9
735,Игровые консоли - XBOX ONE,05.01.2015,25,25,25,25,25,25,25
736,Игровые консоли - XBOX ONE,05.04.2015,1,1,1,1,1,1,1
737,Игровые консоли - XBOX ONE,05.05.2015,1,1,1,1,1,1,1
738,Игровые консоли - XBOX ONE,05.06.2015,3,3,3,3,3,3,3
739,Игровые консоли - XBOX ONE,05.07.2015,3,3,3,3,3,3,3
740,Игровые консоли - XBOX ONE,05.08.2014,6,6,6,6,6,6,6
741,Игровые консоли - XBOX ONE,05.08.2015,1,1,1,1,1,1,1
742,Игровые консоли - XBOX ONE,05.09.2014,5,5,5,5,5,5,5
743,Игровые консоли - XBOX ONE,05.09.2015,4,4,4,4,4,4,4
744,Игровые консоли - XBOX ONE,05.10.2014,10,10,10,10,10,10,10
745,Игровые консоли - XBOX ONE,05.10.2015,3,3,3,3,3,3,3
746,Игровые консоли - XBOX ONE,05.11.2014,3,3,3,3,3,3,3
747,Игровые консоли - XBOX ONE,05.12.2014,9,9,9,9,9,9,9
748,Игровые консоли - XBOX ONE,06.01.2015,19,19,19,19,19,19,19
749,Игровые консоли - XBOX ONE,06.02.2015,1,1,1,1,1,1,1
750,Игровые консоли - XBOX ONE,06.03.2015,2,2,2,2,2,2,2
751,Игровые консоли - XBOX ONE,06.06.2015,1,1,1,1,1,1,1
752,Игровые консоли - XBOX ONE,06.07.2015,1,1,1,1,1,1,1
753,Игровые консоли - XBOX ONE,06.08.2014,5,5,5,5,5,5,5
754,Игровые консоли - XBOX ONE,06.08.2015,2,2,2,2,2,2,2
755,Игровые консоли - XBOX ONE,06.09.2014,1,1,1,1,1,1,1
756,Игровые консоли - XBOX ONE,06.09.2015,7,7,7,7,7,7,7
757,Игровые консоли - XBOX ONE,06.10.2014,6,6,6,6,6,6,6
758,Игровые консоли - XBOX ONE,06.10.2015,1,1,1,1,1,1,1
759,Игровые консоли - XBOX ONE,06.11.2014,2,2,2,2,2,2,2
760,Игровые консоли - XBOX ONE,06.12.2014,10,10,10,10,10,10,10
761,Игровые консоли - XBOX ONE,07.01.2015,10,10,10,10,10,10,10
762,Игровые консоли - XBOX ONE,07.02.2015,1,1,1,1,1,1,1
763,Игровые консоли - XBOX ONE,07.03.2015,5,5,5,5,5,5,5
764,Игровые консоли - XBOX ONE,07.04.2015,2,2,2,2,2,2,2
765,Игровые консоли - XBOX ONE,07.05.2015,3,3,3,3,3,3,3
766,Игровые консоли - XBOX ONE,07.06.2015,1,1,1,1,1,1,1
767,Игровые консоли - XBOX ONE,07.07.2015,2,2,2,2,2,2,2
768,Игровые консоли - XBOX ONE,07.08.2014,6,6,6,6,6,6,6
769,Игровые консоли - XBOX ONE,07.08.2015,2,2,2,2,2,2,2
770,Игровые консоли - XBOX ONE,07.09.2014,8,8,8,8,8,8,8
771,Игровые консоли - XBOX ONE,07.09.2015,4,4,4,4,4,4,4
772,Игровые консоли - XBOX ONE,07.10.2014,6,6,6,6,6,6,6
773,Игровые консоли - XBOX ONE,07.11.2014,3,3,3,3,3,3,3
774,Игровые консоли - XBOX ONE,07.12.2014,9,9,9,9,9,9,9
775,Игровые консоли - XBOX ONE,08.01.2015,19,19,19,19,19,19,19
776,Игровые консоли - XBOX ONE,08.02.2015,2,2,2,2,2,2,2
777,Игровые консоли - XBOX ONE,08.03.2015,1,1,1,1,1,1,1
778,Игровые консоли - XBOX ONE,08.04.2015,2,2,2,2,2,2,2
779,Игровые консоли - XBOX ONE,08.05.2015,3,3,3,3,3,3,3
780,Игровые консоли - XBOX ONE,08.07.2015,1,1,1,1,1,1,1
781,Игровые консоли - XBOX ONE,08.08.2014,6,6,6,6,6,6,6
782,Игровые консоли - XBOX ONE,08.08.2015,2,2,2,2,2,2,2
783,Игровые консоли - XBOX ONE,08.09.2014,3,3,3,3,3,3,3
784,Игровые консоли - XBOX ONE,08.09.2015,1,1,1,1,1,1,1
785,Игровые консоли - XBOX ONE,08.10.2014,8,8,8,8,8,8,8
786,Игровые консоли - XBOX ONE,08.10.2015,4,4,4,4,4,4,4
787,Игровые консоли - XBOX ONE,08.11.2014,8,8,8,8,8,8,8
788,Игровые консоли - XBOX ONE,08.12.2014,5,5,5,5,5,5,5
789,Игровые консоли - XBOX ONE,09.01.2015,6,6,6,6,6,6,6
790,Игровые консоли - XBOX ONE,09.03.2015,2,2,2,2,2,2,2
791,Игровые консоли - XBOX ONE,09.04.2015,3,3,3,3,3,3,3
792,Игровые консоли - XBOX ONE,09.05.2015,1,1,1,1,1,1,1
793,Игровые консоли - XBOX ONE,09.07.2015,1,1,1,1,1,1,1
794,Игровые консоли - XBOX ONE,09.08.2014,7,7,7,7,7,7,7
795,Игровые консоли - XBOX ONE,09.08.2015,3,3,3,3,3,3,3
796,Игровые консоли - XBOX ONE,09.09.2014,2,2,2,2,2,2,2
797,Игровые консоли - XBOX ONE,09.09.2015,1,1,1,1,1,1,1
798,Игровые консоли - XBOX ONE,09.10.2014,6,6,6,6,6,6,6
799,Игровые консоли - XBOX ONE,09.10.2015,2,2,2,2,2,2,2
800,Игровые консоли - XBOX ONE,09.11.2014,5,5,5,5,5,5,5
801,Игровые консоли - XBOX ONE,09.12.2014,8,8,8,8,8,8,8
802,Игровые консоли - XBOX ONE,10.01.2015,17,17,17,17,17,17,17
803,Игровые консоли - XBOX ONE,10.02.2015,3,3,3,3,3,3,3
804,Игровые консоли - XBOX ONE,10.03.2015,7,7,7,7,7,7,7
805,Игровые консоли - XBOX ONE,10.05.2015,2,2,2,2,2,2,2
806,Игровые консоли - XBOX ONE,10.07.2015,2,2,2,2,2,2,2
807,Игровые консоли - XBOX ONE,10.08.2014,4,4,4,4,4,4,4
808,Игровые консоли - XBOX ONE,10.09.2014,5,5,5,5,5,5,5
809,Игровые консоли - XBOX ONE,10.09.2015,1,1,1,1,1,1,1
810,Игровые консоли - XBOX ONE,10.10.2014,4,4,4,4,4,4,4
811,Игровые консоли - XBOX ONE,10.10.2015,2,2,2,2,2,2,2
812,Игровые консоли - XBOX ONE,10.11.2014,3,3,3,3,3,3,3
813,Игровые консоли - XBOX ONE,10.12.2014,9,9,9,9,9,9,9
814,Игровые консоли - XBOX ONE,11.01.2015,14,14,14,14,14,14,14
815,Игровые консоли - XBOX ONE,11.02.2015,5,5,5,5,5,5,5
816,Игровые консоли - XBOX ONE,11.03.2015,1,1,1,1,1,1,1
817,Игровые консоли - XBOX ONE,11.04.2015,1,1,1,1,1,1,1
818,Игровые консоли - XBOX ONE,11.05.2015,1,1,1,1,1,1,1
819,Игровые консоли - XBOX ONE,11.06.2015,2,2,2,2,2,2,2
820,Игровые консоли - XBOX ONE,11.08.2014,3,3,3,3,3,3,3
821,Игровые консоли - XBOX ONE,11.08.2015,2,2,2,2,2,2,2
822,Игровые консоли - XBOX ONE,11.09.2014,5,5,5,5,5,5,5
823,Игровые консоли - XBOX ONE,11.09.2015,3,3,3,3,3,3,3
824,Игровые консоли - XBOX ONE,11.10.2014,7,7,7,7,7,7,7
825,Игровые консоли - XBOX ONE,11.11.2014,3,3,3,3,3,3,3
826,Игровые консоли - XBOX ONE,11.12.2014,10,10,10,10,10,10,10
827,Игровые консоли - XBOX ONE,12.01.2015,2,2,2,2,2,2,2
828,Игровые консоли - XBOX ONE,12.05.2015,3,3,3,3,3,3,3
829,Игровые консоли - XBOX ONE,12.06.2015,3,3,3,3,3,3,3
830,Игровые консоли - XBOX ONE,12.07.2015,2,2,2,2,2,2,2
831,Игровые консоли - XBOX ONE,12.08.2014,4,4,4,4,4,4,4
832,Игровые консоли - XBOX ONE,12.09.2014,6,6,6,6,6,6,6
833,Игровые консоли - XBOX ONE,12.09.2015,2,2,2,2,2,2,2
834,Игровые консоли - XBOX ONE,12.10.2014,6,6,6,6,6,6,6
835,Игровые консоли - XBOX ONE,12.10.2015,2,2,2,2,2,2,2
836,Игровые консоли - XBOX ONE,12.11.2014,2,2,2,2,2,2,2
837,Игровые консоли - XBOX ONE,12.12.2014,10,10,10,10,10,10,10
838,Игровые консоли - XBOX ONE,13.01.2015,2,2,2,2,2,2,2
839,Игровые консоли - XBOX ONE,13.03.2015,3,3,3,3,3,3,3
840,Игровые консоли - XBOX ONE,13.04.2015,2,2,2,2,2,2,2
841,Игровые консоли - XBOX ONE,13.06.2015,3,3,3,3,3,3,3
842,Игровые консоли - XBOX ONE,13.07.2015,2,2,2,2,2,2,2
843,Игровые консоли - XBOX ONE,13.08.2014,2,2,2,2,2,2,2
844,Игровые консоли - XBOX ONE,13.08.2015,1,1,1,1,1,1,1
845,Игровые консоли - XBOX ONE,13.09.2014,9,9,9,9,9,9,9
846,Игровые консоли - XBOX ONE,13.09.2015,4,4,4,4,4,4,4
847,Игровые консоли - XBOX ONE,13.10.2014,4,4,4,4,4,4,4
848,Игровые консоли - XBOX ONE,13.11.2014,6,6,6,6,6,6,6
849,Игровые консоли - XBOX ONE,13.12.2014,13,13,13,13,13,13,13
850,Игровые консоли - XBOX ONE,14.01.2015,5,5,5,5,5,5,5
851,Игровые консоли - XBOX ONE,14.02.2015,4,4,4,4,4,4,4
852,Игровые консоли - XBOX ONE,14.03.2015,3,3,3,3,3,3,3
853,Игровые консоли - XBOX ONE,14.04.2015,1,1,1,1,1,1,1
854,Игровые консоли - XBOX ONE,14.06.2015,2,2,2,2,2,2,2
855,Игровые консоли - XBOX ONE,14.07.2015,3,3,3,3,3,3,3
856,Игровые консоли - XBOX ONE,14.08.2014,4,4,4,4,4,4,4
857,Игровые консоли - XBOX ONE,14.08.2015,4,4,4,4,4,4,4
858,Игровые консоли - XBOX ONE,14.09.2014,3,3,3,3,3,3,3
859,Игровые консоли - XBOX ONE,14.09.2015,2,2,2,2,2,2,2
860,Игровые консоли - XBOX ONE,14.10.2014,7,7,7,7,7,7,7
861,Игровые консоли - XBOX ONE,14.10.2015,2,2,2,2,2,2,2
862,Игровые консоли - XBOX ONE,14.11.2014,4,4,4,4,4,4,4
863,Игровые консоли - XBOX ONE,14.12.2014,7,7,7,7,7,7,7
864,Игровые консоли - XBOX ONE,15.01.2015,3,3,3,3,3,3,3
865,Игровые консоли - XBOX ONE,15.02.2015,4,4,4,4,4,4,4
866,Игровые консоли - XBOX ONE,15.03.2015,1,1,1,1,1,1,1
867,Игровые консоли - XBOX ONE,15.04.2015,2,2,2,2,2,2,2
868,Игровые консоли - XBOX ONE,15.05.2015,1,1,1,1,1,1,1
869,Игровые консоли - XBOX ONE,15.06.2015,4,4,4,4,4,4,4
870,Игровые консоли - XBOX ONE,15.07.2015,1,1,1,1,1,1,1
871,Игровые консоли - XBOX ONE,15.08.2014,3,3,3,3,3,3,3
872,Игровые консоли - XBOX ONE,15.08.2015,3,3,3,3,3,3,3
873,Игровые консоли - XBOX ONE,15.09.2014,6,6,6,6,6,6,6
874,Игровые консоли - XBOX ONE,15.09.2015,1,1,1,1,1,1,1
875,Игровые консоли - XBOX ONE,15.10.2014,3,3,3,3,3,3,3
876,Игровые консоли - XBOX ONE,15.11.2014,5,5,5,5,5,5,5
877,Игровые консоли - XBOX ONE,15.12.2014,13,13,13,13,13,13,13
878,Игровые консоли - XBOX ONE,16.02.2015,1,1,1,1,1,1,1
879,Игровые консоли - XBOX ONE,16.03.2015,4,4,4,4,4,4,4
880,Игровые консоли - XBOX ONE,16.05.2015,2,2,2,2,2,2,2
881,Игровые консоли - XBOX ONE,16.06.2015,3,3,3,3,3,3,3
882,Игровые консоли - XBOX ONE,16.08.2014,2,2,2,2,2,2,2
883,Игровые консоли - XBOX ONE,16.08.2015,1,1,1,1,1,1,1
884,Игровые консоли - XBOX ONE,16.09.2014,3,3,3,3,3,3,3
885,Игровые консоли - XBOX ONE,16.09.2015,3,3,3,3,3,3,3
886,Игровые консоли - XBOX ONE,16.10.2014,7,7,7,7,7,7,7
887,Игровые консоли - XBOX ONE,16.10.2015,1,1,1,1,1,1,1
888,Игровые консоли - XBOX ONE,16.11.2014,5,5,5,5,5,5,5
889,Игровые консоли - XBOX ONE,16.12.2014,16,16,16,16,16,16,16
890,Игровые консоли - XBOX ONE,17.02.2015,1,1,1,1,1,1,1
891,Игровые консоли - XBOX ONE,17.03.2015,2,2,2,2,2,2,2
892,Игровые консоли - XBOX ONE,17.04.2015,2,2,2,2,2,2,2
893,Игровые консоли - XBOX ONE,17.05.2015,2,2,2,2,2,2,2
894,Игровые консоли - XBOX ONE,17.06.2015,2,2,2,2,2,2,2
895,Игровые консоли - XBOX ONE,17.07.2015,1,1,1,1,1,1,1
896,Игровые консоли - XBOX ONE,17.08.2014,5,5,5,5,5,5,5
897,Игровые консоли - XBOX ONE,17.08.2015,2,2,2,2,2,2,2
898,Игровые консоли - XBOX ONE,17.09.2014,2,2,2,2,2,2,2
899,Игровые консоли - XBOX ONE,17.09.2015,2,2,2,2,2,2,2
900,Игровые консоли - XBOX ONE,17.10.2014,4,4,4,4,4,4,4
901,Игровые консоли - XBOX ONE,17.10.2015,4,4,4,4,4,4,4
902,Игровые консоли - XBOX ONE,17.11.2014,5,5,5,5,5,5,5
903,Игровые консоли - XBOX ONE,17.12.2014,39,39,39,39,39,39,39
904,Игровые консоли - XBOX ONE,18.01.2015,4,4,4,4,4,4,4
905,Игровые консоли - XBOX ONE,18.02.2015,3,3,3,3,3,3,3
906,Игровые консоли - XBOX ONE,18.03.2015,3,3,3,3,3,3,3
907,Игровые консоли - XBOX ONE,18.04.2015,2,2,2,2,2,2,2
908,Игровые консоли - XBOX ONE,18.05.2015,2,2,2,2,2,2,2
909,Игровые консоли - XBOX ONE,18.06.2015,4,4,4,4,4,4,4
910,Игровые консоли - XBOX ONE,18.07.2015,2,2,2,2,2,2,2
911,Игровые консоли - XBOX ONE,18.08.2014,3,3,3,3,3,3,3
912,Игровые консоли - XBOX ONE,18.08.2015,3,3,3,3,3,3,3
913,Игровые консоли - XBOX ONE,18.09.2014,6,6,6,6,6,6,6
914,Игровые консоли - XBOX ONE,18.09.2015,4,4,4,4,4,4,4
915,Игровые консоли - XBOX ONE,18.10.2014,6,6,6,6,6,6,6
916,Игровые консоли - XBOX ONE,18.10.2015,1,1,1,1,1,1,1
917,Игровые консоли - XBOX ONE,18.11.2014,4,4,4,4,4,4,4
918,Игровые консоли - XBOX ONE,18.12.2014,40,40,40,40,40,40,40
919,Игровые консоли - XBOX ONE,19.01.2015,1,1,1,1,1,1,1
920,Игровые консоли - XBOX ONE,19.02.2015,2,2,2,2,2,2,2
921,Игровые консоли - XBOX ONE,19.03.2015,4,4,4,4,4,4,4
922,Игровые консоли - XBOX ONE,19.04.2015,2,2,2,2,2,2,2
923,Игровые консоли - XBOX ONE,19.05.2015,2,2,2,2,2,2,2
924,Игровые консоли - XBOX ONE,19.06.2015,2,2,2,2,2,2,2
925,Игровые консоли - XBOX ONE,19.07.2015,1,1,1,1,1,1,1
926,Игровые консоли - XBOX ONE,19.08.2014,4,4,4,4,4,4,4
927,Игровые консоли - XBOX ONE,19.08.2015,2,2,2,2,2,2,2
928,Игровые консоли - XBOX ONE,19.09.2014,9,9,9,9,9,9,9
929,Игровые консоли - XBOX ONE,19.09.2015,4,4,4,4,4,4,4
930,Игровые консоли - XBOX ONE,19.10.2014,10,10,10,10,10,10,10
931,Игровые консоли - XBOX ONE,19.11.2014,7,7,7,7,7,7,7
932,Игровые консоли - XBOX ONE,19.12.2014,45,45,45,45,45,45,45
933,Игровые консоли - XBOX ONE,20.01.2015,2,2,2,2,2,2,2
934,Игровые консоли - XBOX ONE,20.02.2015,1,1,1,1,1,1,1
935,Игровые консоли - XBOX ONE,20.03.2015,3,3,3,3,3,3,3
936,Игровые консоли - XBOX ONE,20.04.2015,1,1,1,1,1,1,1
937,Игровые консоли - XBOX ONE,20.05.2015,1,1,1,1,1,1,1
938,Игровые консоли - XBOX ONE,20.06.2015,4,4,4,4,4,4,4
939,Игровые консоли - XBOX ONE,20.07.2015,3,3,3,3,3,3,3
940,Игровые консоли - XBOX ONE,20.08.2014,2,2,2,2,2,2,2
941,Игровые консоли - XBOX ONE,20.08.2015,2,2,2,2,2,2,2
942,Игровые консоли - XBOX ONE,20.09.2014,8,8,8,8,8,8,8
943,Игровые консоли - XBOX ONE,20.09.2015,1,1,1,1,1,1,1
944,Игровые консоли - XBOX ONE,20.10.2014,2,2,2,2,2,2,2
945,Игровые консоли - XBOX ONE,20.10.2015,5,5,5,5,5,5,5
946,Игровые консоли - XBOX ONE,20.11.2014,8,8,8,8,8,8,8
947,Игровые консоли - XBOX ONE,20.12.2014,55,55,55,55,55,55,55
948,Игровые консоли - XBOX ONE,21.01.2015,1,1,1,1,1,1,1
949,Игровые консоли - XBOX ONE,21.03.2015,3,3,3,3,3,3,3
950,Игровые консоли - XBOX ONE,21.04.2015,2,2,2,2,2,2,2
951,Игровые консоли - XBOX ONE,21.05.2015,2,2,2,2,2,2,2
952,Игровые консоли - XBOX ONE,21.06.2015,2,2,2,2,2,2,2
953,Игровые консоли - XBOX ONE,21.07.2015,1,1,1,1,1,1,1
954,Игровые консоли - XBOX ONE,21.08.2014,4,4,4,4,4,4,4
955,Игровые консоли - XBOX ONE,21.08.2015,3,3,3,3,3,3,3
956,Игровые консоли - XBOX ONE,21.09.2014,4,4,4,4,4,4,4
957,Игровые консоли - XBOX ONE,21.09.2015,2,2,2,2,2,2,2
958,Игровые консоли - XBOX ONE,21.10.2014,3,3,3,3,3,3,3
959,Игровые консоли - XBOX ONE,21.10.2015,1,1,1,1,1,1,1
960,Игровые консоли - XBOX ONE,21.11.2014,9,9,9,9,9,9,9
961,Игровые консоли - XBOX ONE,21.12.2014,36,36,36,36,36,36,36
962,Игровые консоли - XBOX ONE,22.01.2015,4,4,4,4,4,4,4
963,Игровые консоли - XBOX ONE,22.02.2015,3,3,3,3,3,3,3
964,Игровые консоли - XBOX ONE,22.03.2015,5,5,5,5,5,5,5
965,Игровые консоли - XBOX ONE,22.04.2015,1,1,1,1,1,1,1
966,Игровые консоли - XBOX ONE,22.05.2015,3,3,3,3,3,3,3
967,Игровые консоли - XBOX ONE,22.08.2014,4,4,4,4,4,4,4
968,Игровые консоли - XBOX ONE,22.08.2015,3,3,3,3,3,3,3
969,Игровые консоли - XBOX ONE,22.09.2014,5,5,5,5,5,5,5
970,Игровые консоли - XBOX ONE,22.09.2015,2,2,2,2,2,2,2
971,Игровые консоли - XBOX ONE,22.10.2014,2,2,2,2,2,2,2
972,Игровые консоли - XBOX ONE,22.10.2015,3,3,3,3,3,3,3
973,Игровые консоли - XBOX ONE,22.11.2014,5,5,5,5,5,5,5
974,Игровые консоли - XBOX ONE,22.12.2014,39,39,39,39,39,39,39
975,Игровые консоли - XBOX ONE,23.01.2015,3,3,3,3,3,3,3
976,Игровые консоли - XBOX ONE,23.02.2015,4,4,4,4,4,4,4
977,Игровые консоли - XBOX ONE,23.03.2015,1,1,1,1,1,1,1
978,Игровые консоли - XBOX ONE,23.05.2015,6,6,6,6,6,6,6
979,Игровые консоли - XBOX ONE,23.06.2015,3,3,3,3,3,3,3
980,Игровые консоли - XBOX ONE,23.08.2014,4,4,4,4,4,4,4
981,Игровые консоли - XBOX ONE,23.08.2015,2,2,2,2,2,2,2
982,Игровые консоли - XBOX ONE,23.09.2014,5,5,5,5,5,5,5
983,Игровые консоли - XBOX ONE,23.09.2015,1,1,1,1,1,1,1
984,Игровые консоли - XBOX ONE,23.10.2014,4,4,4,4,4,4,4
985,Игровые консоли - XBOX ONE,23.10.2015,7,7,7,7,7,7,7
986,Игровые консоли - XBOX ONE,23.11.2014,7,7,7,7,7,7,7
987,Игровые консоли - XBOX ONE,23.12.2014,37,37,37,37,37,37,37
988,Игровые консоли - XBOX ONE,24.01.2015,6,6,6,6,6,6,6
989,Игровые консоли - XBOX ONE,24.03.2015,3,3,3,3,3,3,3
990,Игровые консоли - XBOX ONE,24.04.2015,5,5,5,5,5,5,5
991,Игровые консоли - XBOX ONE,24.06.2015,2,2,2,2,2,2,2
992,Игровые консоли - XBOX ONE,24.07.2015,1,1,1,1,1,1,1
993,Игровые консоли - XBOX ONE,24.08.2014,5,5,5,5,5,5,5
994,Игровые консоли - XBOX ONE,24.08.2015,3,3,3,3,3,3,3
995,Игровые консоли - XBOX ONE,24.09.2014,4,4,4,4,4,4,4
996,Игровые консоли - XBOX ONE,24.09.2015,2,2,2,2,2,2,2
997,Игровые консоли - XBOX ONE,24.10.2014,4,4,4,4,4,4,4
998,Игровые консоли - XBOX ONE,24.10.2015,2,2,2,2,2,2,2
999,Игровые консоли - XBOX ONE,24.11.2014,3,3,3,3,3,3,3
1000,Игровые консоли - XBOX ONE,24.12.2014,30,30,30,30,30,30,30
1001,Игровые консоли - XBOX ONE,25.01.2015,2,2,2,2,2,2,2
1002,Игровые консоли - XBOX ONE,25.02.2015,2,2,2,2,2,2,2
1003,Игровые консоли - XBOX ONE,25.03.2015,1,1,1,1,1,1,1
1004,Игровые консоли - XBOX ONE,25.04.2015,4,4,4,4,4,4,4
1005,Игровые консоли - XBOX ONE,25.05.2015,1,1,1,1,1,1,1
1006,Игровые консоли - XBOX ONE,25.06.2015,2,2,2,2,2,2,2
1007,Игровые консоли - XBOX ONE,25.07.2014,3,3,3,3,3,3,3
1008,Игровые консоли - XBOX ONE,25.07.2015,1,1,1,1,1,1,1
1009,Игровые консоли - XBOX ONE,25.08.2014,3,3,3,3,3,3,3
1010,Игровые консоли - XBOX ONE,25.08.2015,3,3,3,3,3,3,3
1011,Игровые консоли - XBOX ONE,25.09.2015,5,5,5,5,5,5,5
1012,Игровые консоли - XBOX ONE,25.10.2014,4,4,4,4,4,4,4
1013,Игровые консоли - XBOX ONE,25.10.2015,2,2,2,2,2,2,2
1014,Игровые консоли - XBOX ONE,25.11.2014,5,5,5,5,5,5,5
1015,Игровые консоли - XBOX ONE,25.12.2014,28,28,28,28,28,28,28
1016,Игровые консоли - XBOX ONE,26.01.2015,3,3,3,3,3,3,3
1017,Игровые консоли - XBOX ONE,26.03.2015,5,5,5,5,5,5,5
1018,Игровые консоли - XBOX ONE,26.04.2015,2,2,2,2,2,2,2
1019,Игровые консоли - XBOX ONE,26.05.2015,4,4,4,4,4,4,4
1020,Игровые консоли - XBOX ONE,26.06.2015,3,3,3,3,3,3,3
1021,Игровые консоли - XBOX ONE,26.07.2014,11,11,11,11,11,11,11
1022,Игровые консоли - XBOX ONE,26.08.2014,1,1,1,1,1,1,1
1023,Игровые консоли - XBOX ONE,26.08.2015,5,5,5,5,5,5,5
1024,Игровые консоли - XBOX ONE,26.09.2014,74,74,74,74,74,74,74
1025,Игровые консоли - XBOX ONE,26.09.2015,3,3,3,3,3,3,3
1026,Игровые консоли - XBOX ONE,26.10.2014,1,1,1,1,1,1,1
1027,Игровые консоли - XBOX ONE,26.10.2015,4,4,4,4,4,4,4
1028,Игровые консоли - XBOX ONE,26.11.2014,2,2,2,2,2,2,2
1029,Игровые консоли - XBOX ONE,26.12.2014,38,38,38,38,38,38,38
1030,Игровые консоли - XBOX ONE,27.01.2015,1,1,1,1,1,1,1
1031,Игровые консоли - XBOX ONE,27.03.2015,3,3,3,3,3,3,3
1032,Игровые консоли - XBOX ONE,27.04.2015,1,1,1,1,1,1,1
1033,Игровые консоли - XBOX ONE,27.05.2015,1,1,1,1,1,1,1
1034,Игровые консоли - XBOX ONE,27.06.2015,1,1,1,1,1,1,1
1035,Игровые консоли - XBOX ONE,27.07.2014,7,7,7,7,7,7,7
1036,Игровые консоли - XBOX ONE,27.07.2015,2,2,2,2,2,2,2
1037,Игровые консоли - XBOX ONE,27.08.2014,4,4,4,4,4,4,4
1038,Игровые консоли - XBOX ONE,27.08.2015,3,3,3,3,3,3,3
1039,Игровые консоли - XBOX ONE,27.09.2014,31,31,31,31,31,31,31
1040,Игровые консоли - XBOX ONE,27.09.2015,2,2,2,2,2,2,2
1041,Игровые консоли - XBOX ONE,27.10.2014,1,1,1,1,1,1,1
1042,Игровые консоли - XBOX ONE,27.10.2015,2,2,2,2,2,2,2
1043,Игровые консоли - XBOX ONE,27.11.2014,4,4,4,4,4,4,4
1044,Игровые консоли - XBOX ONE,27.12.2014,45,45,45,45,45,45,45
1045,Игровые консоли - XBOX ONE,28.01.2015,2,2,2,2,2,2,2
1046,Игровые консоли - XBOX ONE,28.02.2015,1,1,1,1,1,1,1
1047,Игровые консоли - XBOX ONE,28.03.2015,3,3,3,3,3,3,3
1048,Игровые консоли - XBOX ONE,28.04.2015,1,1,1,1,1,1,1
1049,Игровые консоли - XBOX ONE,28.05.2015,2,2,2,2,2,2,2
1050,Игровые консоли - XBOX ONE,28.06.2015,3,3,3,3,3,3,3
1051,Игровые консоли - XBOX ONE,28.07.2014,8,8,8,8,8,8,8
1052,Игровые консоли - XBOX ONE,28.07.2015,3,3,3,3,3,3,3
1053,Игровые консоли - XBOX ONE,28.08.2014,3,3,3,3,3,3,3
1054,Игровые консоли - XBOX ONE,28.08.2015,3,3,3,3,3,3,3
1055,Игровые консоли - XBOX ONE,28.09.2014,21,21,21,21,21,21,21
1056,Игровые консоли - XBOX ONE,28.10.2014,4,4,4,4,4,4,4
1057,Игровые консоли - XBOX ONE,28.10.2015,1,1,1,1,1,1,1
1058,Игровые консоли - XBOX ONE,28.11.2014,2,2,2,2,2,2,2
1059,Игровые консоли - XBOX ONE,28.12.2014,39,39,39,39,39,39,39
1060,Игровые консоли - XBOX ONE,29.01.2015,1,1,1,1,1,1,1
1061,Игровые консоли - XBOX ONE,29.03.2015,2,2,2,2,2,2,2
1062,Игровые консоли - XBOX ONE,29.04.2015,2,2,2,2,2,2,2
1063,Игровые консоли - XBOX ONE,29.05.2015,2,2,2,2,2,2,2
1064,Игровые консоли - XBOX ONE,29.06.2015,3,3,3,3,3,3,3
1065,Игровые консоли - XBOX ONE,29.07.2014,12,12,12,12,12,12,12
1066,Игровые консоли - XBOX ONE,29.07.2015,2,2,2,2,2,2,2
1067,Игровые консоли - XBOX ONE,29.08.2014,1,1,1,1,1,1,1
1068,Игровые консоли - XBOX ONE,29.08.2015,3,3,3,3,3,3,3
1069,Игровые консоли - XBOX ONE,29.09.2014,11,11,11,11,11,11,11
1070,Игровые консоли - XBOX ONE,29.09.2015,2,2,2,2,2,2,2
1071,Игровые консоли - XBOX ONE,29.10.2014,5,5,5,5,5,5,5
1072,Игровые консоли - XBOX ONE,29.10.2015,3,3,3,3,3,3,3
1073,Игровые консоли - XBOX ONE,29.11.2014,7,7,7,7,7,7,7
1074,Игровые консоли - XBOX ONE,29.12.2014,32,32,32,32,32,32,32
1075,Игровые консоли - XBOX ONE,30.01.2015,1,1,1,1,1,1,1
1076,Игровые консоли - XBOX ONE,30.03.2015,3,3,3,3,3,3,3
1077,Игровые консоли - XBOX ONE,30.04.2015,2,2,2,2,2,2,2
1078,Игровые консоли - XBOX ONE,30.05.2015,4,4,4,4,4,4,4
1079,Игровые консоли - XBOX ONE,30.06.2015,5,5,5,5,5,5,5
1080,Игровые консоли - XBOX ONE,30.07.2014,15,15,15,15,15,15,15
1081,Игровые консоли - XBOX ONE,30.07.2015,2,2,2,2,2,2,2
1082,Игровые консоли - XBOX ONE,30.08.2014,5,5,5,5,5,5,5
1083,Игровые консоли - XBOX ONE,30.08.2015,1,1,1,1,1,1,1
1084,Игровые консоли - XBOX ONE,30.09.2014,11,11,11,11,11,11,11
1085,Игровые консоли - XBOX ONE,30.09.2015,2,2,2,2,2,2,2
1086,Игровые консоли - XBOX ONE,30.10.2014,1,1,1,1,1,1,1
1087,Игровые консоли - XBOX ONE,30.10.2015,2,2,2,2,2,2,2
1088,Игровые консоли - XBOX ONE,30.11.2014,5,5,5,5,5,5,5
1089,Игровые консоли - XBOX ONE,30.12.2014,40,40,40,40,40,40,40
1090,Игровые консоли - XBOX ONE,31.01.2015,2,2,2,2,2,2,2
1091,Игровые консоли - XBOX ONE,31.05.2015,3,3,3,3,3,3,3
1092,Игровые консоли - XBOX ONE,31.07.2014,3,3,3,3,3,3,3
1093,Игровые консоли - XBOX ONE,31.07.2015,2,2,2,2,2,2,2
1094,Игровые консоли - XBOX ONE,31.08.2014,1,1,1,1,1,1,1
1095,Игровые консоли - XBOX ONE,31.08.2015,1,1,1,1,1,1,1
1096,Игровые консоли - XBOX ONE,31.10.2014,14,14,14,14,14,14,14
1097,Игровые консоли - XBOX ONE,31.10.2015,2,2,2,2,2,2,2
1098,Игровые консоли - XBOX ONE,31.12.2014,41,41,41,41,41,41,41
